<?xml version="1.0" encoding="UTF-8"?>
<project name="mytab" default="all">
  
  
  <property file="mytab.properties"/>
  <!-- Uncomment the following property if no tests compilation is needed -->
  <!-- 
  <property name="skip.tests" value="true"/>
   -->
  
  <!-- Compiler options -->
  
  <property name="compiler.debug" value="on"/>
  <property name="compiler.generate.no.warnings" value="off"/>
  <property name="compiler.args" value=""/>
  <property name="compiler.max.memory" value="700m"/>
  <patternset id="ignored.files">
    <exclude name="**/*.hprof/**"/>
    <exclude name="**/*.orig/**"/>
    <exclude name="**/*.pyc/**"/>
    <exclude name="**/*.pyo/**"/>
    <exclude name="**/*.rbc/**"/>
    <exclude name="**/*.yarb/**"/>
    <exclude name="**/*~/**"/>
    <exclude name="**/.DS_Store/**"/>
    <exclude name="**/.git/**"/>
    <exclude name="**/.hg/**"/>
    <exclude name="**/.svn/**"/>
    <exclude name="**/CVS/**"/>
    <exclude name="**/__pycache__/**"/>
    <exclude name="**/_svn/**"/>
    <exclude name="**/vssver.scc/**"/>
    <exclude name="**/vssver2.scc/**"/>
  </patternset>
  <patternset id="library.patterns">
    <include name="*.war"/>
    <include name="*.swc"/>
    <include name="*.zip"/>
    <include name="*.egg"/>
    <include name="*.ane"/>
    <include name="*.jar"/>
    <include name="*.ear"/>
    <include name="*.klib"/>
  </patternset>
  <patternset id="compiler.resources">
    <exclude name="**/?*.java"/>
    <exclude name="**/?*.form"/>
    <exclude name="**/?*.class"/>
    <exclude name="**/?*.groovy"/>
    <exclude name="**/?*.scala"/>
    <exclude name="**/?*.flex"/>
    <exclude name="**/?*.kt"/>
    <exclude name="**/?*.clj"/>
  </patternset>
  
  <!-- JDK definitions -->
  
  <property name="jdk.bin.11" value="${jdk.home.11}/bin"/>
  <path id="jdk.classpath.11">
    <fileset dir="${jdk.home.11}">
      <include name="../jdk-11.0.3+7!/java.base"/>
      <include name="../jdk-11.0.3+7!/java.compiler"/>
      <include name="../jdk-11.0.3+7!/java.datatransfer"/>
      <include name="../jdk-11.0.3+7!/java.desktop"/>
      <include name="../jdk-11.0.3+7!/java.instrument"/>
      <include name="../jdk-11.0.3+7!/java.logging"/>
      <include name="../jdk-11.0.3+7!/java.management"/>
      <include name="../jdk-11.0.3+7!/java.management.rmi"/>
      <include name="../jdk-11.0.3+7!/java.naming"/>
      <include name="../jdk-11.0.3+7!/java.net.http"/>
      <include name="../jdk-11.0.3+7!/java.prefs"/>
      <include name="../jdk-11.0.3+7!/java.rmi"/>
      <include name="../jdk-11.0.3+7!/java.scripting"/>
      <include name="../jdk-11.0.3+7!/java.se"/>
      <include name="../jdk-11.0.3+7!/java.security.jgss"/>
      <include name="../jdk-11.0.3+7!/java.security.sasl"/>
      <include name="../jdk-11.0.3+7!/java.smartcardio"/>
      <include name="../jdk-11.0.3+7!/java.sql"/>
      <include name="../jdk-11.0.3+7!/java.sql.rowset"/>
      <include name="../jdk-11.0.3+7!/java.transaction.xa"/>
      <include name="../jdk-11.0.3+7!/java.xml"/>
      <include name="../jdk-11.0.3+7!/java.xml.crypto"/>
      <include name="../jdk-11.0.3+7!/jdk.accessibility"/>
      <include name="../jdk-11.0.3+7!/jdk.aot"/>
      <include name="../jdk-11.0.3+7!/jdk.attach"/>
      <include name="../jdk-11.0.3+7!/jdk.charsets"/>
      <include name="../jdk-11.0.3+7!/jdk.compiler"/>
      <include name="../jdk-11.0.3+7!/jdk.crypto.cryptoki"/>
      <include name="../jdk-11.0.3+7!/jdk.crypto.ec"/>
      <include name="../jdk-11.0.3+7!/jdk.dynalink"/>
      <include name="../jdk-11.0.3+7!/jdk.editpad"/>
      <include name="../jdk-11.0.3+7!/jdk.hotspot.agent"/>
      <include name="../jdk-11.0.3+7!/jdk.httpserver"/>
      <include name="../jdk-11.0.3+7!/jdk.internal.ed"/>
      <include name="../jdk-11.0.3+7!/jdk.internal.jvmstat"/>
      <include name="../jdk-11.0.3+7!/jdk.internal.le"/>
      <include name="../jdk-11.0.3+7!/jdk.internal.opt"/>
      <include name="../jdk-11.0.3+7!/jdk.internal.vm.ci"/>
      <include name="../jdk-11.0.3+7!/jdk.internal.vm.compiler"/>
      <include name="../jdk-11.0.3+7!/jdk.internal.vm.compiler.management"/>
      <include name="../jdk-11.0.3+7!/jdk.jartool"/>
      <include name="../jdk-11.0.3+7!/jdk.javadoc"/>
      <include name="../jdk-11.0.3+7!/jdk.jcmd"/>
      <include name="../jdk-11.0.3+7!/jdk.jconsole"/>
      <include name="../jdk-11.0.3+7!/jdk.jdeps"/>
      <include name="../jdk-11.0.3+7!/jdk.jdi"/>
      <include name="../jdk-11.0.3+7!/jdk.jdwp.agent"/>
      <include name="../jdk-11.0.3+7!/jdk.jfr"/>
      <include name="../jdk-11.0.3+7!/jdk.jlink"/>
      <include name="../jdk-11.0.3+7!/jdk.jshell"/>
      <include name="../jdk-11.0.3+7!/jdk.jsobject"/>
      <include name="../jdk-11.0.3+7!/jdk.jstatd"/>
      <include name="../jdk-11.0.3+7!/jdk.localedata"/>
      <include name="../jdk-11.0.3+7!/jdk.management"/>
      <include name="../jdk-11.0.3+7!/jdk.management.agent"/>
      <include name="../jdk-11.0.3+7!/jdk.management.jfr"/>
      <include name="../jdk-11.0.3+7!/jdk.naming.dns"/>
      <include name="../jdk-11.0.3+7!/jdk.naming.rmi"/>
      <include name="../jdk-11.0.3+7!/jdk.net"/>
      <include name="../jdk-11.0.3+7!/jdk.pack"/>
      <include name="../jdk-11.0.3+7!/jdk.rmic"/>
      <include name="../jdk-11.0.3+7!/jdk.scripting.nashorn"/>
      <include name="../jdk-11.0.3+7!/jdk.scripting.nashorn.shell"/>
      <include name="../jdk-11.0.3+7!/jdk.sctp"/>
      <include name="../jdk-11.0.3+7!/jdk.security.auth"/>
      <include name="../jdk-11.0.3+7!/jdk.security.jgss"/>
      <include name="../jdk-11.0.3+7!/jdk.unsupported"/>
      <include name="../jdk-11.0.3+7!/jdk.unsupported.desktop"/>
      <include name="../jdk-11.0.3+7!/jdk.xml.dom"/>
      <include name="../jdk-11.0.3+7!/jdk.zipfs"/>
    </fileset>
  </path>
  
  <property name="project.jdk.home" value="${jdk.home.11}"/>
  <property name="project.jdk.bin" value="${jdk.bin.11}"/>
  <property name="project.jdk.classpath" value="jdk.classpath.11"/>
  
  
  <!-- Project Libraries -->
  
  <path id="library.javafx.classpath">
    <pathelement location="${basedir}/../../../opt/javafx-sdk-11.0.2/lib/javafx-swt.jar"/>
    <pathelement location="${basedir}/../../../opt/javafx-sdk-11.0.2/lib/javafx.base.jar"/>
    <pathelement location="${basedir}/../../../opt/javafx-sdk-11.0.2/lib/javafx.controls.jar"/>
    <pathelement location="${basedir}/../../../opt/javafx-sdk-11.0.2/lib/javafx.fxml.jar"/>
    <pathelement location="${basedir}/../../../opt/javafx-sdk-11.0.2/lib/javafx.graphics.jar"/>
    <pathelement location="${basedir}/../../../opt/javafx-sdk-11.0.2/lib/javafx.media.jar"/>
    <pathelement location="${basedir}/../../../opt/javafx-sdk-11.0.2/lib/javafx.swing.jar"/>
    <pathelement location="${basedir}/../../../opt/javafx-sdk-11.0.2/lib/javafx.web.jar"/>
  </path>
  <!-- Register Custom Compiler Taskdefs -->
  <property name="javac2.home" value="${idea.home}/lib"/>
  <path id="javac2.classpath">
    <fileset dir="${javac2.home}">
      <include name="javac2.jar"/>
      <include name="jdom.jar"/>
      <include name="asm-all*.jar"/>
      <include name="forms-*.jar"/>
    </fileset>
  </path>
  <target name="register.custom.compilers">
    <taskdef name="javac2" classname="com.intellij.ant.Javac2" classpathref="javac2.classpath"/>
    <taskdef name="instrumentIdeaExtensions" classname="com.intellij.ant.InstrumentIdeaExtensions" classpathref="javac2.classpath"/>
  </target>
  
  <!-- Modules -->
  
  
  <!-- Module MyTab -->
  
  <dirname property="module.mytab.basedir" file="${ant.file}"/>
  
  
  <property name="module.jdk.home.mytab" value="${project.jdk.home}"/>
  <property name="module.jdk.bin.mytab" value="${project.jdk.bin}"/>
  <property name="module.jdk.classpath.mytab" value="${project.jdk.classpath}"/>
  
  <property name="compiler.args.mytab" value="-encoding UTF-8 -source 11 -target 11 ${compiler.args}"/>
  
  <property name="mytab.output.dir" value="${module.mytab.basedir}/out/production/MyTab"/>
  <property name="mytab.testoutput.dir" value="${module.mytab.basedir}/out/test/MyTab"/>
  
  <path id="mytab.module.bootclasspath">
    <!-- Paths to be included in compilation bootclasspath -->
  </path>
  
  <path id="mytab.module.production.classpath">
    <path refid="${module.jdk.classpath.mytab}"/>
    <path refid="library.javafx.classpath"/>
    <pathelement location="${basedir}/../Downloads/sqlite-jdbc-3.30.1.jar"/>
  </path>
  
  <path id="mytab.runtime.production.module.classpath">
    <pathelement location="${mytab.output.dir}"/>
    <path refid="library.javafx.classpath"/>
    <pathelement location="${basedir}/../Downloads/sqlite-jdbc-3.30.1.jar"/>
  </path>
  
  <path id="mytab.module.classpath">
    <path refid="${module.jdk.classpath.mytab}"/>
    <pathelement location="${mytab.output.dir}"/>
    <path refid="library.javafx.classpath"/>
    <pathelement location="${basedir}/../Downloads/sqlite-jdbc-3.30.1.jar"/>
  </path>
  
  <path id="mytab.runtime.module.classpath">
    <pathelement location="${mytab.testoutput.dir}"/>
    <pathelement location="${mytab.output.dir}"/>
    <path refid="library.javafx.classpath"/>
    <pathelement location="${basedir}/../Downloads/sqlite-jdbc-3.30.1.jar"/>
  </path>
  
  
  <patternset id="excluded.from.module.mytab">
    <patternset refid="ignored.files"/>
  </patternset>
  
  <patternset id="excluded.from.compilation.mytab">
    <patternset refid="excluded.from.module.mytab"/>
  </patternset>
  
  <path id="mytab.module.sourcepath">
    <dirset dir="${module.mytab.basedir}">
      <include name="src"/>
    </dirset>
  </path>
  
  
  <target name="compile.module.mytab" depends="compile.module.mytab.production,compile.module.mytab.tests" description="Compile module MyTab"/>
  
  <target name="compile.module.mytab.production" depends="register.custom.compilers" description="Compile module MyTab; production classes">
    <mkdir dir="${mytab.output.dir}"/>
    <javac2 destdir="${mytab.output.dir}" debug="${compiler.debug}" nowarn="${compiler.generate.no.warnings}" memorymaximumsize="${compiler.max.memory}" fork="true" executable="${module.jdk.bin.mytab}/javac">
      <compilerarg line="${compiler.args.mytab}"/>
      <bootclasspath refid="mytab.module.bootclasspath"/>
      <classpath refid="mytab.module.production.classpath"/>
      <src refid="mytab.module.sourcepath"/>
      <patternset refid="excluded.from.compilation.mytab"/>
    </javac2>
    
    <copy todir="${mytab.output.dir}">
      <fileset dir="${module.mytab.basedir}/src">
        <patternset refid="compiler.resources"/>
        <type type="file"/>
      </fileset>
    </copy>
  </target>
  
  <target name="compile.module.mytab.tests" depends="register.custom.compilers,compile.module.mytab.production" description="compile module MyTab; test classes" unless="skip.tests"/>
  
  <target name="clean.module.mytab" description="cleanup module">
    <delete dir="${mytab.output.dir}"/>
    <delete dir="${mytab.testoutput.dir}"/>
  </target>
  
  <target name="init" description="Build initialization">
    <!-- Perform any build initialization in this target -->
  </target>
  
  <target name="clean" depends="clean.module.mytab, clean.artifact.mytab" description="cleanup all"/>
  
  <target name="build.modules" depends="init, clean, compile.module.mytab" description="build all modules"/>
  
  <target name="init.artifacts">
    <property name="artifacts.temp.dir" value="${basedir}/__artifacts_temp"/>
    <property name="artifact.output.mytab" value="${basedir}/out/artifacts/MyTab"/>
    <mkdir dir="${artifacts.temp.dir}"/>
    <property name="artifact.temp.output.MyTab" value="${artifacts.temp.dir}/MyTab.jar"/>
    <taskdef resource="com/sun/javafx/tools/ant/antlib.xml" uri="javafx:com.sun.javafx.tools.ant" classpath="${jdk.home.11}/lib/ant-javafx.jar"/>
  </target>
  
  <target name="clean.artifact.mytab" description="clean MyTab artifact output">
    <delete dir="${artifact.output.mytab}"/>
  </target>
  
  <target name="artifact.mytab" depends="init.artifacts, compile.module.mytab" description="Build &#39;MyTab&#39; artifact" xmlns:fx="javafx:com.sun.javafx.tools.ant">
    <mkdir dir="${artifact.output.mytab}"/>
    <copy todir="${artifact.temp.output.MyTab}">
      <fileset dir="${mytab.output.dir}"/>
    </copy>
    <fx:fileset id="all_but_MyTab" dir="${artifact.temp.output.MyTab}" includes="**/*.jar">
      <exclude name="MyTab.jar"/>
    </fx:fileset>
    <fx:fileset id="all_MyTab" dir="${artifact.temp.output.MyTab}" includes="**/*.jar"/>
    <fx:application id="MyTab_id" name="MyTab" mainClass="main.Main" version="1.0"/>
    <fx:jar destfile="${artifact.temp.output.MyTab}/MyTab.jar">
      <fx:application refid="MyTab_id"/>
      <fileset dir="${artifact.temp.output.MyTab}" excludes="**/*.jar"/>
      <fx:resources>
        <fx:fileset refid="all_but_MyTab"/>
      </fx:resources>
      <manifest>
        <attribute name="Implementation-Title" value="Tab_by_JeeVeeVee"/>
        <attribute name="Implementation-Version" value="1.0"/>
        <attribute name="Implementation-Vendor" value=""/>
      </manifest>
    </fx:jar>
    <fx:deploy width="600" height="400" updatemode="background" outdir="${artifact.temp.output.MyTab}/deploy" outfile="MyTab">
      <fx:application refid="MyTab_id"/>
      <fx:info title="Tab_by_JeeVeeVee"/>
      <fx:resources>
        <fx:fileset refid="all_MyTab"/>
      </fx:resources>
    </fx:deploy>
    <copy todir="${artifact.output.mytab}">
      <fileset dir="${artifact.temp.output.MyTab}/deploy"/>
    </copy>
    <delete includeemptydirs="true">
      <fileset dir="${artifact.temp.output.MyTab}"/>
    </delete>
  </target>
  
  <target name="build.all.artifacts" depends="artifact.mytab" description="Build all artifacts">
    
    <!-- Delete temporary files -->
    <delete dir="${artifacts.temp.dir}"/>
  </target>
  
  <target name="all" depends="build.modules, build.all.artifacts" description="build all"/>
</project>